id,matchday,date,home,away,fhg,fag
0,1,2024-08-16,MUN,FUL,1,0
1,1,2024-08-17,IPS,LIV,0,2
2,1,2024-08-17,ARS,WOL,2,0
3,1,2024-08-17,EVE,BHA,0,3
4,1,2024-08-17,NEW,SOU,1,0
5,1,2024-08-17,NFO,BOU,1,1
6,1,2024-08-17,WHU,AVL,1,2
7,1,2024-08-18,BRE,CRY,2,1
8,1,2024-08-18,CHE,MCI,0,2
9,1,2024-08-19,LEI,TOT,1,1
10,2,2024-08-24,AVL,ARS,0,2
11,2,2024-08-24,BHA,MUN,2,1
12,2,2024-08-24,CRY,WHU,0,2
13,2,2024-08-24,FUL,LEI,2,1
14,2,2024-08-24,MCI,IPS,4,1
15,2,2024-08-24,SOU,NFO,0,1
16,2,2024-08-24,TOT,EVE,4,0
17,2,2024-08-25,BOU,NEW,1,1
18,2,2024-08-25,LIV,BRE,2,0
19,2,2024-08-25,WOL,CHE,2,6
20,3,2024-08-31,ARS,BHA,1,1
21,3,2024-08-31,BRE,SOU,3,1
22,3,2024-08-31,EVE,BOU,2,3
23,3,2024-08-31,IPS,FUL,1,1
24,3,2024-08-31,LEI,AVL,1,2
25,3,2024-08-31,NFO,WOL,1,1
26,3,2024-08-31,WHU,MCI,1,3
27,3,2024-09-01,CHE,CRY,1,1
28,3,2024-09-01,MUN,LIV,0,3
29,3,2024-09-01,NEW,TOT,2,1
30,4,2024-09-14,BOU,CHE,0,1
31,4,2024-09-14,AVL,EVE,3,2
32,4,2024-09-14,BHA,IPS,0,0
33,4,2024-09-14,CRY,LEI,2,2
34,4,2024-09-14,FUL,WHU,1,1
35,4,2024-09-14,LIV,NFO,0,1
36,4,2024-09-14,MCI,BRE,2,1
37,4,2024-09-14,SOU,MUN,0,3
38,4,2024-09-15,TOT,ARS,0,1
39,4,2024-09-15,WOL,NEW,1,2
40,5,2024-09-21,AVL,WOL,3,1
41,5,2024-09-21,CRY,MUN,0,0
42,5,2024-09-21,FUL,NEW,3,1
43,5,2024-09-21,LEI,EVE,1,1
44,5,2024-09-21,LIV,BOU,3,0
45,5,2024-09-21,SOU,IPS,1,1
46,5,2024-09-21,TOT,BRE,3,1
47,5,2024-09-21,WHU,CHE,0,3
48,5,2024-09-22,BHA,NFO,2,2
49,5,2024-09-22,MCI,ARS,2,2
50,6,2024-09-28,ARS,LEI,4,2
51,6,2024-09-28,BRE,WHU,1,1
52,6,2024-09-28,CHE,BHA,4,2
53,6,2024-09-28,EVE,CRY,2,1
54,6,2024-09-28,NEW,MCI,1,1
55,6,2024-09-28,NFO,FUL,0,1
56,6,2024-09-28,WOL,LIV,1,2
57,6,2024-09-29,IPS,AVL,2,2
58,6,2024-09-29,MUN,TOT,0,3
59,6,2024-09-30,BOU,SOU,3,1
60,7,2024-10-05,ARS,SOU,3,1
61,7,2024-10-05,BRE,WOL,5,3
62,7,2024-10-05,CRY,LIV,0,1
63,7,2024-10-05,EVE,NEW,0,0
64,7,2024-10-05,LEI,BOU,1,0
65,7,2024-10-05,MCI,FUL,3,2
66,7,2024-10-05,WHU,IPS,4,1
67,7,2024-10-06,AVL,MUN,0,0
68,7,2024-10-06,BHA,TOT,3,2
69,7,2024-10-06,CHE,NFO,1,1
70,8,2024-10-19,BOU,ARS,2,0
71,8,2024-10-19,FUL,AVL,1,3
72,8,2024-10-19,IPS,EVE,0,2
73,8,2024-10-19,MUN,BRE,2,1
74,8,2024-10-19,NEW,BHA,0,1
75,8,2024-10-19,SOU,LEI,2,3
76,8,2024-10-19,TOT,WHU,4,1
77,8,2024-10-20,LIV,CHE,2,1
78,8,2024-10-20,WOL,MCI,1,2
79,8,2024-10-21,NFO,CRY,1,0
80,9,2024-10-25,LEI,NFO,1,3
81,9,2024-10-26,AVL,BOU,1,1
82,9,2024-10-26,BRE,IPS,4,3
83,9,2024-10-26,BHA,WOL,2,2
84,9,2024-10-26,EVE,FUL,1,1
85,9,2024-10-26,MCI,SOU,1,0
86,9,2024-10-27,ARS,LIV,2,2
87,9,2024-10-27,CHE,NEW,2,1
88,9,2024-10-27,WHU,MUN,2,1
89,9,2024-10-27,CRY,TOT,1,0
90,10,2024-11-02,BOU,MCI,2,1
91,10,2024-11-02,IPS,LEI,1,1
92,10,2024-11-02,LIV,BHA,2,1
93,10,2024-11-02,NEW,ARS,1,0
94,10,2024-11-02,NFO,WHU,3,0
95,10,2024-11-02,SOU,EVE,1,0
96,10,2024-11-02,WOL,CRY,2,2
97,10,2024-11-03,MUN,CHE,1,1
98,10,2024-11-03,TOT,AVL,4,1
99,10,2024-11-04,FUL,BRE,2,1
100,11,2024-11-09,BRE,BOU,3,2
101,11,2024-11-09,BHA,MCI,2,1
102,11,2024-11-09,CRY,FUL,0,2
103,11,2024-11-09,LIV,AVL,2,0
104,11,2024-11-09,WHU,EVE,0,0
105,11,2024-11-09,WOL,SOU,2,0
106,11,2024-11-10,CHE,ARS,1,1
107,11,2024-11-10,MUN,LEI,3,0
108,11,2024-11-10,NFO,NEW,1,3
109,11,2024-11-10,TOT,IPS,1,2
110,12,2024-11-23,BOU,BHA,1,2
111,12,2024-11-23,ARS,NFO,3,0
112,12,2024-11-23,AVL,CRY,2,2
113,12,2024-11-23,EVE,BRE,0,0
114,12,2024-11-23,FUL,WOL,1,4
115,12,2024-11-23,LEI,CHE,1,2
116,12,2024-11-23,MCI,TOT,0,4
117,12,2024-11-24,IPS,MUN,1,1
118,12,2024-11-24,SOU,LIV,2,3
119,12,2024-11-25,NEW,WHU,0,2
120,13,2024-11-29,BHA,SOU,1,1
121,13,2024-11-30,BRE,LEI,4,1
122,13,2024-11-30,CRY,NEW,1,1
123,13,2024-11-30,NFO,IPS,1,0
124,13,2024-11-30,WHU,ARS,2,5
125,13,2024-11-30,WOL,BOU,2,4
126,13,2024-12-01,CHE,AVL,3,0
127,13,2024-12-01,LIV,MCI,2,0
128,13,2024-12-01,MUN,EVE,4,0
129,13,2024-12-01,TOT,FUL,1,1
130,14,2024-12-03,IPS,CRY,0,1
131,14,2024-12-03,LEI,WHU,3,1
132,14,2024-12-04,ARS,MUN,2,0
133,14,2024-12-04,AVL,BRE,3,1
134,14,2024-12-04,EVE,WOL,4,0
135,14,2024-12-04,MCI,NFO,3,0
136,14,2024-12-04,NEW,LIV,3,3
137,14,2024-12-04,SOU,CHE,1,5
138,14,2024-12-05,BOU,TOT,1,0
139,14,2024-12-05,FUL,BHA,3,1
140,15,2024-12-07,AVL,SOU,1,0
141,15,2024-12-07,BRE,NEW,4,2
142,15,2024-12-07,CRY,MCI,2,2
143,15,2024-12-07,MUN,NFO,2,3
144,15,2024-12-08,FUL,ARS,1,1
145,15,2024-12-08,IPS,BOU,1,2
146,15,2024-12-08,TOT,CHE,3,4
147,15,2024-12-08,LEI,BHA,2,2
148,15,2024-12-09,WHU,WOL,2,1
149,16,2024-12-14,ARS,EVE,0,0
150,16,2024-12-14,LIV,FUL,2,2
151,16,2024-12-14,NEW,LEI,4,0
152,16,2024-12-14,NFO,AVL,2,1
153,16,2024-12-14,WOL,IPS,1,2
154,16,2024-12-15,BHA,CRY,1,3
155,16,2024-12-15,CHE,BRE,2,1
156,16,2024-12-15,MCI,MUN,1,2
157,16,2024-12-15,SOU,TOT,0,5
158,16,2024-12-16,BOU,WHU,1,1
159,17,2024-12-21,AVL,MCI,2,1
160,17,2024-12-21,BRE,NFO,0,2
161,17,2024-12-21,CRY,ARS,1,5
162,17,2024-12-21,IPS,NEW,0,4
163,17,2024-12-21,WHU,BHA,1,1
164,17,2024-12-22,EVE,CHE,0,0
165,17,2024-12-22,FUL,SOU,0,0
166,17,2024-12-22,LEI,WOL,0,3
167,17,2024-12-22,MUN,BOU,0,3
168,17,2024-12-22,TOT,LIV,3,6
169,18,2024-12-26,BOU,CRY,0,0
170,18,2024-12-26,CHE,FUL,1,2
171,18,2024-12-26,LIV,LEI,3,1
172,18,2024-12-26,MCI,EVE,1,1
173,18,2024-12-26,NEW,AVL,3,0
174,18,2024-12-26,NFO,TOT,1,0
175,18,2024-12-26,SOU,WHU,0,1
176,18,2024-12-26,WOL,MUN,2,0
177,18,2024-12-27,ARS,IPS,1,0
178,18,2024-12-27,BHA,BRE,0,0
179,19,2024-12-29,CRY,SOU,2,1
180,19,2024-12-29,EVE,NFO,0,2
181,19,2024-12-29,FUL,BOU,2,2
182,19,2024-12-29,LEI,MCI,0,2
183,19,2024-12-29,TOT,WOL,2,2
184,19,2024-12-29,WHU,LIV,0,5
185,19,2024-12-30,AVL,BHA,2,2
186,19,2024-12-30,IPS,CHE,2,0
187,19,2024-12-30,MUN,NEW,0,2
188,19,2025-01-01,BRE,ARS,1,3
189,20,2025-01-04,BOU,EVE,1,0
190,20,2025-01-04,AVL,LEI,2,1
191,20,2025-01-04,BHA,ARS,1,1
192,20,2025-01-04,MCI,WHU,4,1
193,20,2025-01-04,CRY,CHE,1,1
194,20,2025-01-04,SOU,BRE,0,5
195,20,2025-01-04,TOT,NEW,1,2
196,20,2025-01-05,FUL,IPS,2,2
197,20,2025-01-05,LIV,MUN,2,2
198,20,2025-01-06,WOL,NFO,0,3
199,21,2025-01-14,BRE,MCI,2,2
200,21,2025-01-14,NFO,LIV,1,1
201,21,2025-01-14,WHU,FUL,3,2
202,21,2025-01-14,CHE,BOU,2,2
203,21,2025-01-15,ARS,TOT,2,1
204,21,2025-01-15,EVE,AVL,0,1
205,21,2025-01-15,LEI,CRY,0,2
206,21,2025-01-15,NEW,WOL,3,0
207,21,2025-01-16,IPS,BHA,0,2
208,21,2025-01-16,MUN,SOU,3,1
209,22,2025-01-18,ARS,AVL,2,2
210,22,2025-01-18,BRE,LIV,0,2
211,22,2025-01-18,LEI,FUL,0,2
212,22,2025-01-18,NEW,BOU,1,4
213,22,2025-01-18,WHU,CRY,0,2
214,22,2025-01-19,EVE,TOT,3,2
215,22,2025-01-19,IPS,MCI,0,6
216,22,2025-01-19,MUN,BHA,1,3
217,22,2025-01-19,NFO,SOU,3,2
218,22,2025-01-20,CHE,WOL,3,1
219,23,2025-01-25,BOU,NFO,5,0
220,23,2025-01-25,BHA,EVE,0,1
221,23,2025-01-25,LIV,IPS,4,1
222,23,2025-01-25,MCI,CHE,3,1
223,23,2025-01-25,SOU,NEW,1,3
224,23,2025-01-25,WOL,ARS,0,1
225,23,2025-01-26,AVL,WHU,1,1
226,23,2025-01-26,CRY,BRE,1,2
227,23,2025-01-26,FUL,MUN,0,1
228,23,2025-01-26,TOT,LEI,1,2
229,24,2025-02-01,BOU,LIV,0,2
230,24,2025-02-01,EVE,LEI,4,0
231,24,2025-02-01,IPS,SOU,1,2
232,24,2025-02-01,NEW,FUL,1,2
233,24,2025-02-01,NFO,BHA,7,0
234,24,2025-02-01,WOL,AVL,2,0
235,24,2025-02-02,ARS,MCI,5,1
236,24,2025-02-02,BRE,TOT,0,2
237,24,2025-02-02,MUN,CRY,0,2
238,24,2025-02-03,CHE,WHU,2,1
239,15,2025-02-12,EVE,LIV,2,2
240,25,2025-02-14,BHA,CHE,3,0
241,25,2025-02-15,AVL,IPS,1,1
242,25,2025-02-15,CRY,EVE,1,2
243,25,2025-02-15,FUL,NFO,2,1
244,25,2025-02-15,LEI,ARS,0,2
245,25,2025-02-15,MCI,NEW,4,0
246,25,2025-02-15,SOU,BOU,1,3
247,25,2025-02-15,WHU,BRE,0,1
248,25,2025-02-16,LIV,WOL,2,1
249,25,2025-02-16,TOT,MUN,1,0
250,29,2025-02-19,AVL,LIV,2,2
251,26,2025-02-21,LEI,BRE,0,4
252,26,2025-02-22,BOU,WOL,0,1
253,26,2025-02-22,ARS,WHU,0,1
254,26,2025-02-22,AVL,CHE,2,1
255,26,2025-02-22,EVE,MUN,2,2
256,26,2025-02-22,FUL,CRY,0,2
257,26,2025-02-22,IPS,TOT,1,4
258,26,2025-02-22,SOU,BHA,0,4
259,26,2025-02-23,MCI,LIV,0,2
260,26,2025-02-23,NEW,NFO,4,3
261,27,2025-02-25,BHA,BOU,2,1
262,27,2025-02-25,WOL,FUL,1,2
263,27,2025-02-25,CRY,AVL,4,1
264,27,2025-02-25,CHE,SOU,4,0
265,27,2025-02-26,BRE,EVE,1,1
266,27,2025-02-26,NFO,ARS,0,0
267,27,2025-02-26,TOT,MCI,0,1
268,27,2025-02-26,LIV,NEW,2,0
269,27,2025-02-26,MUN,IPS,3,2
270,27,2025-02-27,WHU,LEI,2,0
271,28,2025-03-08,BRE,AVL,0,1
272,28,2025-03-08,BHA,FUL,2,1
273,28,2025-03-08,CRY,IPS,1,0
274,28,2025-03-08,LIV,SOU,3,1
275,28,2025-03-08,NFO,MCI,1,0
276,28,2025-03-08,WOL,EVE,1,1
277,28,2025-03-09,CHE,LEI,1,0
278,28,2025-03-09,MUN,ARS,1,1
279,28,2025-03-09,TOT,BOU,2,2
280,28,2025-03-10,WHU,NEW,0,1
281,29,2025-03-15,BOU,BRE,1,2
282,29,2025-03-15,EVE,WHU,1,1
283,29,2025-03-15,IPS,NFO,2,4
284,29,2025-03-15,MCI,BHA,2,2
285,29,2025-03-15,SOU,WOL,1,2
286,29,2025-03-16,ARS,CHE,1,0
287,29,2025-03-16,FUL,TOT,2,0
288,29,2025-03-16,LEI,MUN,0,3
289,30,2025-04-01,ARS,FUL,2,1
290,30,2025-04-01,NFO,MUN,1,0
291,30,2025-04-01,WOL,WHU,1,0
292,30,2025-04-02,BOU,IPS,1,2
293,30,2025-04-02,BHA,AVL,0,3
294,30,2025-04-02,MCI,LEI,2,0
295,30,2025-04-02,NEW,BRE,2,1
296,30,2025-04-02,SOU,CRY,1,1
297,30,2025-04-02,LIV,EVE,1,0
298,30,2025-04-03,CHE,TOT,1,0
299,31,2025-04-05,AVL,NFO,2,1
300,31,2025-04-05,CRY,BHA,2,1
301,31,2025-04-05,EVE,ARS,1,1
302,31,2025-04-05,IPS,WOL,1,2
303,31,2025-04-05,WHU,BOU,2,2
304,31,2025-04-06,BRE,CHE,0,0
305,31,2025-04-06,FUL,LIV,3,2
306,31,2025-04-06,MUN,MCI,0,0
307,31,2025-04-06,TOT,SOU,3,1
308,31,2025-04-07,LEI,NEW,0,3
309,32,2025-04-12,ARS,BRE,1,1
310,32,2025-04-12,BHA,LEI,2,2
311,32,2025-04-12,MCI,CRY,5,2
312,32,2025-04-12,NFO,EVE,0,1
313,32,2025-04-12,SOU,AVL,0,3
314,32,2025-04-13,CHE,IPS,2,2
315,32,2025-04-13,LIV,WHU,2,1
316,32,2025-04-13,NEW,MUN,4,1
317,32,2025-04-13,WOL,TOT,4,2
318,32,2025-04-14,BOU,FUL,1,0
319,29,2025-04-16,NEW,CRY,5,0
320,33,2025-04-19,AVL,NEW,4,1
321,33,2025-04-19,BRE,BHA,4,2
322,33,2025-04-19,CRY,BOU,0,0
323,33,2025-04-19,EVE,MCI,0,2
324,33,2025-04-19,WHU,SOU,1,1
325,33,2025-04-20,FUL,CHE,1,2
326,33,2025-04-20,IPS,ARS,0,4
327,33,2025-04-20,LEI,LIV,0,1
328,33,2025-04-20,MUN,WOL,0,1
329,33,2025-04-21,TOT,NFO,1,2
330,34,2025-04-22,MCI,AVL,2,1
331,34,2025-04-23,ARS,CRY,2,2
332,34,2025-04-26,BHA,WHU,3,2
333,34,2025-04-26,CHE,EVE,1,0
334,34,2025-04-26,NEW,IPS,3,0
335,34,2025-04-26,SOU,FUL,1,2
336,34,2025-04-26,WOL,LEI,3,0
337,34,2025-04-27,BOU,MUN,1,1
338,34,2025-04-27,LIV,TOT,5,1
339,34,2025-05-01,NFO,BRE,0,2
340,35,2025-05-02,MCI,WOL,1,0
341,35,2025-05-03,ARS,BOU,1,2
342,35,2025-05-03,AVL,FUL,1,0
343,35,2025-05-03,EVE,IPS,2,2
344,35,2025-05-03,LEI,SOU,2,0
345,35,2025-05-04,BRE,MUN,4,3
346,35,2025-05-04,BHA,NEW,1,1
347,35,2025-05-04,CHE,LIV,3,1
348,35,2025-05-04,WHU,TOT,1,1
349,35,2025-05-05,CRY,NFO,1,1
350,36,2025-05-10,BOU,AVL,0,1
351,36,2025-05-10,FUL,EVE,1,3
352,36,2025-05-10,IPS,BRE,0,1
353,36,2025-05-10,SOU,MCI,0,0
354,36,2025-05-10,WOL,BHA,0,2
355,36,2025-05-11,LIV,ARS,2,2
356,36,2025-05-11,MUN,WHU,0,2
357,36,2025-05-11,NEW,CHE,2,0
358,36,2025-05-11,NFO,LEI,2,2
359,36,2025-05-11,TOT,CRY,0,2
360,37,2025-05-16,AVL,TOT,2,0
361,37,2025-05-16,CHE,MUN,1,0
362,37,2025-05-18,ARS,NEW,1,0
363,37,2025-05-18,BRE,FUL,2,3
364,37,2025-05-18,EVE,SOU,2,0
365,37,2025-05-18,LEI,IPS,2,0
366,37,2025-05-18,WHU,NFO,1,2
367,37,2025-05-19,BHA,LIV,3,2
368,37,2025-05-20,CRY,WOL,4,2
369,37,2025-05-20,MCI,BOU,3,1
370,38,2025-05-25,BOU,LEI,2,0
371,38,2025-05-25,FUL,MCI,0,2
372,38,2025-05-25,IPS,WHU,1,3
373,38,2025-05-25,LIV,CRY,1,1
374,38,2025-05-25,MUN,AVL,2,0
375,38,2025-05-25,NEW,EVE,0,1
376,38,2025-05-25,NFO,CHE,0,1
377,38,2025-05-25,SOU,ARS,1,2
378,38,2025-05-25,TOT,BHA,1,4
379,38,2025-05-25,WOL,BRE,1,1
